index,str
0,ㄴ
1,나
2,나ㄴ
3,나느
4,나는
5,나는ㅎ
6,나는하
7,나는할
8,나는할ㅅ
9,나는할수
10,나는할수ㅇ
11,나는할수이
12,나는할수있
13,나는할수있ㄷ
14,나는할수있다
15,나는할수있다ㅇ
16,나는할수있다아
17,나는할수있다안
18,나는할수있다안ㅎ
19,나는할수있다안해
20,나는할수있다안행
21,나는할수있다안행ㅂ
22,나는할수있다안행보
23,나는할수있다안행복
24,나는할수있다안행복ㄴ
25,나는할수있다안행복너
26,나는할수있다안행복너ㄴ
27,나는할수있다안행복너느
28,나는할수있다안행복너는
29,나는할수있다안행복너는ㄱ
30,나는할수있다안행복너는거
31,나는할수있다안행복너는걸
32,나는할수있다안행복너는걸ㅇ
33,나는할수있다안행복너는걸으
34,나는할수있다안행복너는걸을
35,나는할수있다안행복너는걸을ㅅ
36,나는할수있다안행복너는걸을수
37,나는할수있다안행복너는걸을수ㅇ
38,나는할수있다안행복너는걸을수이
39,나는할수있다안행복너는걸을수있
40,나는할수있다안행복너는걸을수있ㄷ
41,나는할수있다안행복너는걸을수있다
42,나는할수있다안행복너는걸을수있다ㅈ
43,나는할수있다안행복너는걸을수있다지
44,나는할수있다안행복너는걸을수있다집
45,나는할수있다안행복너는걸을수있다집ㅂ
46,나는할수있다안행복너는걸을수있다집바
47,나는할수있다안행복너는걸을수있다집밖
48,나는할수있다안행복너는걸을수있다집밖ㅇ
49,나는할수있다안행복너는걸을수있다집밖으
50,나는할수있다안행복너는걸을수있다집밖으ㄹ
51,나는할수있다안행복너는걸을수있다집밖으로
52,나는할수있다안행복너는걸을수있다집밖으로ㄴ
53,나는할수있다안행복너는걸을수있다집밖으로나
54,나는할수있다안행복너는걸을수있다집밖으로나ㅇ
55,나는할수있다안행복너는걸을수있다집밖으로나오
56,나는할수있다안행복너는걸을수있다집밖으로나온
57,나는할수있다안행복너는걸을수있다집밖으로나온ㄱ
58,나는할수있다안행복너는걸을수있다집밖으로나온거
59,나는할수있다안행복너는걸을수있다집밖으로나온것
60,나는할수있다안행복너는걸을수있다집밖으로나온것ㅁ
61,나는할수있다안행복너는걸을수있다집밖으로나온것마
62,나는할수있다안행복너는걸을수있다집밖으로나온것만
63,나는할수있다안행복너는걸을수있다집밖으로나온것만ㅎ
64,나는할수있다안행복너는걸을수있다집밖으로나온것만해
65,나는할수있다안행복너는걸을수있다집밖으로나온것만해ㄷ
66,나는할수있다안행복너는걸을수있다집밖으로나온것만해도
67,나는할수있다안행복너는걸을수있다집밖으로나온것만해도ㅇ
68,나는할수있다안행복너는걸을수있다집밖으로나온것만해도이
69,나는할수있다안행복너는걸을수있다집밖으로나온것만해도이ㅁ
70,나는할수있다안행복너는걸을수있다집밖으로나온것만해도이미
71,나는할수있다안행복너는걸을수있다집밖으로나온것만해도이미ㄱ
72,나는할수있다안행복너는걸을수있다집밖으로나온것만해도이미기
73,나는할수있다안행복너는걸을수있다집밖으로나온것만해도이미기ㅈ
74,나는할수있다안행복너는걸을수있다집밖으로나온것만해도이미기저
75,나는할수있다안행복너는걸을수있다집밖으로나온것만해도이미기적
76,나는할수있다안행복너는걸을수있다집밖으로나온것만해도이미기적ㅇ
77,나는할수있다안행복너는걸을수있다집밖으로나온것만해도이미기적이
78,나는할수있다안행복너는걸을수있다집밖으로나온것만해도이미기적이ㄷ
79,나는할수있다안행복너는걸을수있다집밖으로나온것만해도이미기적이다
80,나는할수있다안행복너는걸을수있다집밖으로나온것만해도이미기적이다ㄴ
81,나는할수있다안행복너는걸을수있다집밖으로나온것만해도이미기적이다너
82,나는할수있다안행복너는걸을수있다집밖으로나온것만해도이미기적이다너ㄴ
83,나는할수있다안행복너는걸을수있다집밖으로나온것만해도이미기적이다너느
84,나는할수있다안행복너는걸을수있다집밖으로나온것만해도이미기적이다너는
85,나는할수있다안행복너는걸을수있다집밖으로나온것만해도이미기적이다너는ㅈ
86,나는할수있다안행복너는걸을수있다집밖으로나온것만해도이미기적이다너는조
87,나는할수있다안행복너는걸을수있다집밖으로나온것만해도이미기적이다너는조ㄱ
88,나는할수있다안행복너는걸을수있다집밖으로나온것만해도이미기적이다너는조그
89,나는할수있다안행복너는걸을수있다집밖으로나온것만해도이미기적이다너는조금
90,나는할수있다안행복너는걸을수있다집밖으로나온것만해도이미기적이다너는조금ㅁ
91,나는할수있다안행복너는걸을수있다집밖으로나온것만해도이미기적이다너는조금마
92,나는할수있다안행복너는걸을수있다집밖으로나온것만해도이미기적이다너는조금만
93,나는할수있다안행복너는걸을수있다집밖으로나온것만해도이미기적이다너는조금만ㄷ
94,나는할수있다안행복너는걸을수있다집밖으로나온것만해도이미기적이다너는조금만더
95,나는할수있다안행복너는걸을수있다집밖으로나온것만해도이미기적이다너는조금만더ㄱ
96,나는할수있다안행복너는걸을수있다집밖으로나온것만해도이미기적이다너는조금만더가
97,나는할수있다안행복너는걸을수있다집밖으로나온것만해도이미기적이다너는조금만더가ㅁ
98,나는할수있다안행복너는걸을수있다집밖으로나온것만해도이미기적이다너는조금만더가며
99,나는할수있다안행복너는걸을수있다집밖으로나온것만해도이미기적이다너는조금만더가면
100,나는할수있다안행복너는걸을수있다집밖으로나온것만해도이미기적이다너는조금만더가면ㄸ
101,나는할수있다안행복너는걸을수있다집밖으로나온것만해도이미기적이다너는조금만더가면떠
102,나는할수있다안행복너는걸을수있다집밖으로나온것만해도이미기적이다너는조금만더가면떡
103,나는할수있다안행복너는걸을수있다집밖으로나온것만해도이미기적이다너는조금만더가면떡ㅂ
104,나는할수있다안행복너는걸을수있다집밖으로나온것만해도이미기적이다너는조금만더가면떡보
105,나는할수있다안행복너는걸을수있다집밖으로나온것만해도이미기적이다너는조금만더가면떡볶
106,나는할수있다안행복너는걸을수있다집밖으로나온것만해도이미기적이다너는조금만더가면떡볶ㅇ
107,나는할수있다안행복너는걸을수있다집밖으로나온것만해도이미기적이다너는조금만더가면떡볶이
108,나는할수있다안행복너는걸을수있다집밖으로나온것만해도이미기적이다너는조금만더가면떡볶이ㄹ
109,나는할수있다안행복너는걸을수있다집밖으로나온것만해도이미기적이다너는조금만더가면떡볶이르
110,나는할수있다안행복너는걸을수있다집밖으로나온것만해도이미기적이다너는조금만더가면떡볶이를
111,나는할수있다안행복너는걸을수있다집밖으로나온것만해도이미기적이다너는조금만더가면떡볶이를ㅁ
112,나는할수있다안행복너는걸을수있다집밖으로나온것만해도이미기적이다너는조금만더가면떡볶이를머
113,나는할수있다안행복너는걸을수있다집밖으로나온것만해도이미기적이다너는조금만더가면떡볶이를먹
114,나는할수있다안행복너는걸을수있다집밖으로나온것만해도이미기적이다너는조금만더가면떡볶이를먹ㅇ
115,나는할수있다안행복너는걸을수있다집밖으로나온것만해도이미기적이다너는조금만더가면떡볶이를먹으
116,나는할수있다안행복너는걸을수있다집밖으로나온것만해도이미기적이다너는조금만더가면떡볶이를먹을
117,나는할수있다안행복너는걸을수있다집밖으로나온것만해도이미기적이다너는조금만더가면떡볶이를먹을ㅅ
118,나는할수있다안행복너는걸을수있다집밖으로나온것만해도이미기적이다너는조금만더가면떡볶이를먹을수
119,나는할수있다안행복너는걸을수있다집밖으로나온것만해도이미기적이다너는조금만더가면떡볶이를먹을수ㅇ
120,나는할수있다안행복너는걸을수있다집밖으로나온것만해도이미기적이다너는조금만더가면떡볶이를먹을수이
121,나는할수있다안행복너는걸을수있다집밖으로나온것만해도이미기적이다너는조금만더가면떡볶이를먹을수있
122,나는할수있다안행복너는걸을수있다집밖으로나온것만해도이미기적이다너는조금만더가면떡볶이를먹을수있ㄷ
123,나는할수있다안행복너는걸을수있다집밖으로나온것만해도이미기적이다너는조금만더가면떡볶이를먹을수있다
124,나는할수있다안행복너는걸을수있다집밖으로나온것만해도이미기적이다너는조금만더가면떡볶이를먹을수있다ㄱ
125,나는할수있다안행복너는걸을수있다집밖으로나온것만해도이미기적이다너는조금만더가면떡볶이를먹을수있다그
126,나는할수있다안행복너는걸을수있다집밖으로나온것만해도이미기적이다너는조금만더가면떡볶이를먹을수있다근
127,나는할수있다안행복너는걸을수있다집밖으로나온것만해도이미기적이다너는조금만더가면떡볶이를먹을수있다근ㄷ
128,나는할수있다안행복너는걸을수있다집밖으로나온것만해도이미기적이다너는조금만더가면떡볶이를먹을수있다근데
129,나는할수있다안행복너는걸을수있다집밖으로나온것만해도이미기적이다너는조금만더가면떡볶이를먹을수있다근데ㄱ
130,나는할수있다안행복너는걸을수있다집밖으로나온것만해도이미기적이다너는조금만더가면떡볶이를먹을수있다근데겨
131,나는할수있다안행복너는걸을수있다집밖으로나온것만해도이미기적이다너는조금만더가면떡볶이를먹을수있다근데겨ㅇ
132,나는할수있다안행복너는걸을수있다집밖으로나온것만해도이미기적이다너는조금만더가면떡볶이를먹을수있다근데겨우
133,나는할수있다안행복너는걸을수있다집밖으로나온것만해도이미기적이다너는조금만더가면떡볶이를먹을수있다근데겨우ㄴ
134,나는할수있다안행복너는걸을수있다집밖으로나온것만해도이미기적이다너는조금만더가면떡볶이를먹을수있다근데겨우나
135,나는할수있다안행복너는걸을수있다집밖으로나온것만해도이미기적이다너는조금만더가면떡볶이를먹을수있다근데겨우나ㅇ
136,나는할수있다안행복너는걸을수있다집밖으로나온것만해도이미기적이다너는조금만더가면떡볶이를먹을수있다근데겨우나오
137,나는할수있다안행복너는걸을수있다집밖으로나온것만해도이미기적이다너는조금만더가면떡볶이를먹을수있다근데겨우나온
138,나는할수있다안행복너는걸을수있다집밖으로나온것만해도이미기적이다너는조금만더가면떡볶이를먹을수있다근데겨우나온ㅇ
139,나는할수있다안행복너는걸을수있다집밖으로나온것만해도이미기적이다너는조금만더가면떡볶이를먹을수있다근데겨우나온이
140,나는할수있다안행복너는걸을수있다집밖으로나온것만해도이미기적이다너는조금만더가면떡볶이를먹을수있다근데겨우나온이ㅇ
141,나는할수있다안행복너는걸을수있다집밖으로나온것만해도이미기적이다너는조금만더가면떡볶이를먹을수있다근데겨우나온이유
142,나는할수있다안행복너는걸을수있다집밖으로나온것만해도이미기적이다너는조금만더가면떡볶이를먹을수있다근데겨우나온이유ㄱ
143,나는할수있다안행복너는걸을수있다집밖으로나온것만해도이미기적이다너는조금만더가면떡볶이를먹을수있다근데겨우나온이유가
144,나는할수있다안행복너는걸을수있다집밖으로나온것만해도이미기적이다너는조금만더가면떡볶이를먹을수있다근데겨우나온이유가ㄱ
145,나는할수있다안행복너는걸을수있다집밖으로나온것만해도이미기적이다너는조금만더가면떡볶이를먹을수있다근데겨우나온이유가고
146,나는할수있다안행복너는걸을수있다집밖으로나온것만해도이미기적이다너는조금만더가면떡볶이를먹을수있다근데겨우나온이유가고ㅈ
147,나는할수있다안행복너는걸을수있다집밖으로나온것만해도이미기적이다너는조금만더가면떡볶이를먹을수있다근데겨우나온이유가고자
148,나는할수있다안행복너는걸을수있다집밖으로나온것만해도이미기적이다너는조금만더가면떡볶이를먹을수있다근데겨우나온이유가고작
149,나는할수있다안행복너는걸을수있다집밖으로나온것만해도이미기적이다너는조금만더가면떡볶이를먹을수있다근데겨우나온이유가고작ㅁ
150,나는할수있다안행복너는걸을수있다집밖으로나온것만해도이미기적이다너는조금만더가면떡볶이를먹을수있다근데겨우나온이유가고작머
151,나는할수있다안행복너는걸을수있다집밖으로나온것만해도이미기적이다너는조금만더가면떡볶이를먹을수있다근데겨우나온이유가고작먹
152,나는할수있다안행복너는걸을수있다집밖으로나온것만해도이미기적이다너는조금만더가면떡볶이를먹을수있다근데겨우나온이유가고작먹ㄴ
153,나는할수있다안행복너는걸을수있다집밖으로나온것만해도이미기적이다너는조금만더가면떡볶이를먹을수있다근데겨우나온이유가고작먹느
154,나는할수있다안행복너는걸을수있다집밖으로나온것만해도이미기적이다너는조금만더가면떡볶이를먹을수있다근데겨우나온이유가고작먹는
155,나는할수있다안행복너는걸을수있다집밖으로나온것만해도이미기적이다너는조금만더가면떡볶이를먹을수있다근데겨우나온이유가고작먹는ㄱ
156,나는할수있다안행복너는걸을수있다집밖으로나온것만해도이미기적이다너는조금만더가면떡볶이를먹을수있다근데겨우나온이유가고작먹는거
157,나는할수있다안행복너는걸을수있다집밖으로나온것만해도이미기적이다너는조금만더가면떡볶이를먹을수있다근데겨우나온이유가고작먹는것
158,나는할수있다안행복너는걸을수있다집밖으로나온것만해도이미기적이다너는조금만더가면떡볶이를먹을수있다근데겨우나온이유가고작먹는것ㄸ
159,나는할수있다안행복너는걸을수있다집밖으로나온것만해도이미기적이다너는조금만더가면떡볶이를먹을수있다근데겨우나온이유가고작먹는것때
160,나는할수있다안행복너는걸을수있다집밖으로나온것만해도이미기적이다너는조금만더가면떡볶이를먹을수있다근데겨우나온이유가고작먹는것때ㅁ
161,나는할수있다안행복너는걸을수있다집밖으로나온것만해도이미기적이다너는조금만더가면떡볶이를먹을수있다근데겨우나온이유가고작먹는것때무
162,나는할수있다안행복너는걸을수있다집밖으로나온것만해도이미기적이다너는조금만더가면떡볶이를먹을수있다근데겨우나온이유가고작먹는것때문
163,나는할수있다안행복너는걸을수있다집밖으로나온것만해도이미기적이다너는조금만더가면떡볶이를먹을수있다근데겨우나온이유가고작먹는것때문ㅇ
164,나는할수있다안행복너는걸을수있다집밖으로나온것만해도이미기적이다너는조금만더가면떡볶이를먹을수있다근데겨우나온이유가고작먹는것때문이
165,나는할수있다안행복너는걸을수있다집밖으로나온것만해도이미기적이다너는조금만더가면떡볶이를먹을수있다근데겨우나온이유가고작먹는것때문이ㄹ
166,나는할수있다안행복너는걸을수있다집밖으로나온것만해도이미기적이다너는조금만더가면떡볶이를먹을수있다근데겨우나온이유가고작먹는것때문이라
167,나는할수있다안행복너는걸을수있다집밖으로나온것만해도이미기적이다너는조금만더가면떡볶이를먹을수있다근데겨우나온이유가고작먹는것때문이라ㄴ
168,나는할수있다안행복너는걸을수있다집밖으로나온것만해도이미기적이다너는조금만더가면떡볶이를먹을수있다근데겨우나온이유가고작먹는것때문이라니
169,나는할수있다안행복너는걸을수있다집밖으로나온것만해도이미기적이다너는조금만더가면떡볶이를먹을수있다근데겨우나온이유가고작먹는것때문이라니ㅇ
170,나는할수있다안행복너는걸을수있다집밖으로나온것만해도이미기적이다너는조금만더가면떡볶이를먹을수있다근데겨우나온이유가고작먹는것때문이라니아
171,나는할수있다안행복너는걸을수있다집밖으로나온것만해도이미기적이다너는조금만더가면떡볶이를먹을수있다근데겨우나온이유가고작먹는것때문이라니안
172,나는할수있다안행복너는걸을수있다집밖으로나온것만해도이미기적이다너는조금만더가면떡볶이를먹을수있다근데겨우나온이유가고작먹는것때문이라니안ㅎ
173,나는할수있다안행복너는걸을수있다집밖으로나온것만해도이미기적이다너는조금만더가면떡볶이를먹을수있다근데겨우나온이유가고작먹는것때문이라니안해
174,나는할수있다안행복너는걸을수있다집밖으로나온것만해도이미기적이다너는조금만더가면떡볶이를먹을수있다근데겨우나온이유가고작먹는것때문이라니안행
175,나는할수있다안행복너는걸을수있다집밖으로나온것만해도이미기적이다너는조금만더가면떡볶이를먹을수있다근데겨우나온이유가고작먹는것때문이라니안행ㅂ
176,나는할수있다안행복너는걸을수있다집밖으로나온것만해도이미기적이다너는조금만더가면떡볶이를먹을수있다근데겨우나온이유가고작먹는것때문이라니안행보
177,나는할수있다안행복너는걸을수있다집밖으로나온것만해도이미기적이다너는조금만더가면떡볶이를먹을수있다근데겨우나온이유가고작먹는것때문이라니안행복
178,나는할수있다안행복너는걸을수있다집밖으로나온것만해도이미기적이다너는조금만더가면떡볶이를먹을수있다근데겨우나온이유가고작먹는것때문이라니안행복ㄴ
179,나는할수있다안행복너는걸을수있다집밖으로나온것만해도이미기적이다너는조금만더가면떡볶이를먹을수있다근데겨우나온이유가고작먹는것때문이라니안행복너
180,나는할수있다안행복너는걸을수있다집밖으로나온것만해도이미기적이다너는조금만더가면떡볶이를먹을수있다근데겨우나온이유가고작먹는것때문이라니안행복너ㅈ
181,나는할수있다안행복너는걸을수있다집밖으로나온것만해도이미기적이다너는조금만더가면떡볶이를먹을수있다근데겨우나온이유가고작먹는것때문이라니안행복너저
182,나는할수있다안행복너는걸을수있다집밖으로나온것만해도이미기적이다너는조금만더가면떡볶이를먹을수있다근데겨우나온이유가고작먹는것때문이라니안행복너정
183,나는할수있다안행복너는걸을수있다집밖으로나온것만해도이미기적이다너는조금만더가면떡볶이를먹을수있다근데겨우나온이유가고작먹는것때문이라니안행복너정ㅁ
184,나는할수있다안행복너는걸을수있다집밖으로나온것만해도이미기적이다너는조금만더가면떡볶이를먹을수있다근데겨우나온이유가고작먹는것때문이라니안행복너정마
185,나는할수있다안행복너는걸을수있다집밖으로나온것만해도이미기적이다너는조금만더가면떡볶이를먹을수있다근데겨우나온이유가고작먹는것때문이라니안행복너정말
186,나는할수있다안행복너는걸을수있다집밖으로나온것만해도이미기적이다너는조금만더가면떡볶이를먹을수있다근데겨우나온이유가고작먹는것때문이라니안행복너정말ㅁ
187,나는할수있다안행복너는걸을수있다집밖으로나온것만해도이미기적이다너는조금만더가면떡볶이를먹을수있다근데겨우나온이유가고작먹는것때문이라니안행복너정말미
188,나는할수있다안행복너는걸을수있다집밖으로나온것만해도이미기적이다너는조금만더가면떡볶이를먹을수있다근데겨우나온이유가고작먹는것때문이라니안행복너정말미ㅊ
189,나는할수있다안행복너는걸을수있다집밖으로나온것만해도이미기적이다너는조금만더가면떡볶이를먹을수있다근데겨우나온이유가고작먹는것때문이라니안행복너정말미쳐
190,나는할수있다안행복너는걸을수있다집밖으로나온것만해도이미기적이다너는조금만더가면떡볶이를먹을수있다근데겨우나온이유가고작먹는것때문이라니안행복너정말미쳤
191,나는할수있다안행복너는걸을수있다집밖으로나온것만해도이미기적이다너는조금만더가면떡볶이를먹을수있다근데겨우나온이유가고작먹는것때문이라니안행복너정말미쳤ㄱ
192,나는할수있다안행복너는걸을수있다집밖으로나온것만해도이미기적이다너는조금만더가면떡볶이를먹을수있다근데겨우나온이유가고작먹는것때문이라니안행복너정말미쳤구
193,나는할수있다안행복너는걸을수있다집밖으로나온것만해도이미기적이다너는조금만더가면떡볶이를먹을수있다근데겨우나온이유가고작먹는것때문이라니안행복너정말미쳤구ㄴ
194,나는할수있다안행복너는걸을수있다집밖으로나온것만해도이미기적이다너는조금만더가면떡볶이를먹을수있다근데겨우나온이유가고작먹는것때문이라니안행복너정말미쳤구나
195,나는할수있다안행복너는걸을수있다집밖으로나온것만해도이미기적이다너는조금만더가면떡볶이를먹을수있다근데겨우나온이유가고작먹는것때문이라니안행복너정말미쳤구나ㅁ
196,나는할수있다안행복너는걸을수있다집밖으로나온것만해도이미기적이다너는조금만더가면떡볶이를먹을수있다근데겨우나온이유가고작먹는것때문이라니안행복너정말미쳤구나무
197,나는할수있다안행복너는걸을수있다집밖으로나온것만해도이미기적이다너는조금만더가면떡볶이를먹을수있다근데겨우나온이유가고작먹는것때문이라니안행복너정말미쳤구나뭐
198,나는할수있다안행복너는걸을수있다집밖으로나온것만해도이미기적이다너는조금만더가면떡볶이를먹을수있다근데겨우나온이유가고작먹는것때문이라니안행복너정말미쳤구나뭐ㅎ
199,나는할수있다안행복너는걸을수있다집밖으로나온것만해도이미기적이다너는조금만더가면떡볶이를먹을수있다근데겨우나온이유가고작먹는것때문이라니안행복너정말미쳤구나뭐하
200,나는할수있다안행복너는걸을수있다집밖으로나온것만해도이미기적이다너는조금만더가면떡볶이를먹을수있다근데겨우나온이유가고작먹는것때문이라니안행복너정말미쳤구나뭐하ㄴ
201,나는할수있다안행복너는걸을수있다집밖으로나온것만해도이미기적이다너는조금만더가면떡볶이를먹을수있다근데겨우나온이유가고작먹는것때문이라니안행복너정말미쳤구나뭐하느
202,나는할수있다안행복너는걸을수있다집밖으로나온것만해도이미기적이다너는조금만더가면떡볶이를먹을수있다근데겨우나온이유가고작먹는것때문이라니안행복너정말미쳤구나뭐하는
203,나는할수있다안행복너는걸을수있다집밖으로나온것만해도이미기적이다너는조금만더가면떡볶이를먹을수있다근데겨우나온이유가고작먹는것때문이라니안행복너정말미쳤구나뭐하는ㄱ
204,나는할수있다안행복너는걸을수있다집밖으로나온것만해도이미기적이다너는조금만더가면떡볶이를먹을수있다근데겨우나온이유가고작먹는것때문이라니안행복너정말미쳤구나뭐하는거
205,나는할수있다안행복너는걸을수있다집밖으로나온것만해도이미기적이다너는조금만더가면떡볶이를먹을수있다근데겨우나온이유가고작먹는것때문이라니안행복너정말미쳤구나뭐하는거ㅇ
206,나는할수있다안행복너는걸을수있다집밖으로나온것만해도이미기적이다너는조금만더가면떡볶이를먹을수있다근데겨우나온이유가고작먹는것때문이라니안행복너정말미쳤구나뭐하는거야
207,나는할수있다안행복너는걸을수있다집밖으로나온것만해도이미기적이다너는조금만더가면떡볶이를먹을수있다근데겨우나온이유가고작먹는것때문이라니안행복너정말미쳤구나뭐하는거야ㄷ
208,나는할수있다안행복너는걸을수있다집밖으로나온것만해도이미기적이다너는조금만더가면떡볶이를먹을수있다근데겨우나온이유가고작먹는것때문이라니안행복너정말미쳤구나뭐하는거야대
209,나는할수있다안행복너는걸을수있다집밖으로나온것만해도이미기적이다너는조금만더가면떡볶이를먹을수있다근데겨우나온이유가고작먹는것때문이라니안행복너정말미쳤구나뭐하는거야대ㅊ
210,나는할수있다안행복너는걸을수있다집밖으로나온것만해도이미기적이다너는조금만더가면떡볶이를먹을수있다근데겨우나온이유가고작먹는것때문이라니안행복너정말미쳤구나뭐하는거야대체
211,나는할수있다안행복너는걸을수있다집밖으로나온것만해도이미기적이다너는조금만더가면떡볶이를먹을수있다근데겨우나온이유가고작먹는것때문이라니안행복너정말미쳤구나뭐하는거야대체ㅁ
212,나는할수있다안행복너는걸을수있다집밖으로나온것만해도이미기적이다너는조금만더가면떡볶이를먹을수있다근데겨우나온이유가고작먹는것때문이라니안행복너정말미쳤구나뭐하는거야대체매
213,나는할수있다안행복너는걸을수있다집밖으로나온것만해도이미기적이다너는조금만더가면떡볶이를먹을수있다근데겨우나온이유가고작먹는것때문이라니안행복너정말미쳤구나뭐하는거야대체매ㅇ
214,나는할수있다안행복너는걸을수있다집밖으로나온것만해도이미기적이다너는조금만더가면떡볶이를먹을수있다근데겨우나온이유가고작먹는것때문이라니안행복너정말미쳤구나뭐하는거야대체매이
215,나는할수있다안행복너는걸을수있다집밖으로나온것만해도이미기적이다너는조금만더가면떡볶이를먹을수있다근데겨우나온이유가고작먹는것때문이라니안행복너정말미쳤구나뭐하는거야대체매일
216,나는할수있다안행복너는걸을수있다집밖으로나온것만해도이미기적이다너는조금만더가면떡볶이를먹을수있다근데겨우나온이유가고작먹는것때문이라니안행복너정말미쳤구나뭐하는거야대체매일ㅁ
217,나는할수있다안행복너는걸을수있다집밖으로나온것만해도이미기적이다너는조금만더가면떡볶이를먹을수있다근데겨우나온이유가고작먹는것때문이라니안행복너정말미쳤구나뭐하는거야대체매일매
218,나는할수있다안행복너는걸을수있다집밖으로나온것만해도이미기적이다너는조금만더가면떡볶이를먹을수있다근데겨우나온이유가고작먹는것때문이라니안행복너정말미쳤구나뭐하는거야대체매일매ㅇ
219,나는할수있다안행복너는걸을수있다집밖으로나온것만해도이미기적이다너는조금만더가면떡볶이를먹을수있다근데겨우나온이유가고작먹는것때문이라니안행복너정말미쳤구나뭐하는거야대체매일매이
220,나는할수있다안행복너는걸을수있다집밖으로나온것만해도이미기적이다너는조금만더가면떡볶이를먹을수있다근데겨우나온이유가고작먹는것때문이라니안행복너정말미쳤구나뭐하는거야대체매일매일
221,나는할수있다안행복너는걸을수있다집밖으로나온것만해도이미기적이다너는조금만더가면떡볶이를먹을수있다근데겨우나온이유가고작먹는것때문이라니안행복너정말미쳤구나뭐하는거야대체매일매일ㅁ
222,나는할수있다안행복너는걸을수있다집밖으로나온것만해도이미기적이다너는조금만더가면떡볶이를먹을수있다근데겨우나온이유가고작먹는것때문이라니안행복너정말미쳤구나뭐하는거야대체매일매일머
223,나는할수있다안행복너는걸을수있다집밖으로나온것만해도이미기적이다너는조금만더가면떡볶이를먹을수있다근데겨우나온이유가고작먹는것때문이라니안행복너정말미쳤구나뭐하는거야대체매일매일먹
224,나는할수있다안행복너는걸을수있다집밖으로나온것만해도이미기적이다너는조금만더가면떡볶이를먹을수있다근데겨우나온이유가고작먹는것때문이라니안행복너정말미쳤구나뭐하는거야대체매일매일먹ㄱ
225,나는할수있다안행복너는걸을수있다집밖으로나온것만해도이미기적이다너는조금만더가면떡볶이를먹을수있다근데겨우나온이유가고작먹는것때문이라니안행복너정말미쳤구나뭐하는거야대체매일매일먹고
226,나는할수있다안행복너는걸을수있다집밖으로나온것만해도이미기적이다너는조금만더가면떡볶이를먹을수있다근데겨우나온이유가고작먹는것때문이라니안행복너정말미쳤구나뭐하는거야대체매일매일먹고ㄴ
227,나는할수있다안행복너는걸을수있다집밖으로나온것만해도이미기적이다너는조금만더가면떡볶이를먹을수있다근데겨우나온이유가고작먹는것때문이라니안행복너정말미쳤구나뭐하는거야대체매일매일먹고누
228,나는할수있다안행복너는걸을수있다집밖으로나온것만해도이미기적이다너는조금만더가면떡볶이를먹을수있다근데겨우나온이유가고작먹는것때문이라니안행복너정말미쳤구나뭐하는거야대체매일매일먹고누ㅇ
229,나는할수있다안행복너는걸을수있다집밖으로나온것만해도이미기적이다너는조금만더가면떡볶이를먹을수있다근데겨우나온이유가고작먹는것때문이라니안행복너정말미쳤구나뭐하는거야대체매일매일먹고누우
230,나는할수있다안행복너는걸을수있다집밖으로나온것만해도이미기적이다너는조금만더가면떡볶이를먹을수있다근데겨우나온이유가고작먹는것때문이라니안행복너정말미쳤구나뭐하는거야대체매일매일먹고누워
231,나는할수있다안행복너는걸을수있다집밖으로나온것만해도이미기적이다너는조금만더가면떡볶이를먹을수있다근데겨우나온이유가고작먹는것때문이라니안행복너정말미쳤구나뭐하는거야대체매일매일먹고누워ㅈ
232,나는할수있다안행복너는걸을수있다집밖으로나온것만해도이미기적이다너는조금만더가면떡볶이를먹을수있다근데겨우나온이유가고작먹는것때문이라니안행복너정말미쳤구나뭐하는거야대체매일매일먹고누워자
233,나는할수있다안행복너는걸을수있다집밖으로나온것만해도이미기적이다너는조금만더가면떡볶이를먹을수있다근데겨우나온이유가고작먹는것때문이라니안행복너정말미쳤구나뭐하는거야대체매일매일먹고누워자ㄴ
234,나는할수있다안행복너는걸을수있다집밖으로나온것만해도이미기적이다너는조금만더가면떡볶이를먹을수있다근데겨우나온이유가고작먹는것때문이라니안행복너정말미쳤구나뭐하는거야대체매일매일먹고누워자느
235,나는할수있다안행복너는걸을수있다집밖으로나온것만해도이미기적이다너는조금만더가면떡볶이를먹을수있다근데겨우나온이유가고작먹는것때문이라니안행복너정말미쳤구나뭐하는거야대체매일매일먹고누워자는
236,나는할수있다안행복너는걸을수있다집밖으로나온것만해도이미기적이다너는조금만더가면떡볶이를먹을수있다근데겨우나온이유가고작먹는것때문이라니안행복너정말미쳤구나뭐하는거야대체매일매일먹고누워자는ㄱ
237,나는할수있다안행복너는걸을수있다집밖으로나온것만해도이미기적이다너는조금만더가면떡볶이를먹을수있다근데겨우나온이유가고작먹는것때문이라니안행복너정말미쳤구나뭐하는거야대체매일매일먹고누워자는거
238,나는할수있다안행복너는걸을수있다집밖으로나온것만해도이미기적이다너는조금만더가면떡볶이를먹을수있다근데겨우나온이유가고작먹는것때문이라니안행복너정말미쳤구나뭐하는거야대체매일매일먹고누워자는거ㅁ
239,나는할수있다안행복너는걸을수있다집밖으로나온것만해도이미기적이다너는조금만더가면떡볶이를먹을수있다근데겨우나온이유가고작먹는것때문이라니안행복너정말미쳤구나뭐하는거야대체매일매일먹고누워자는거마
240,나는할수있다안행복너는걸을수있다집밖으로나온것만해도이미기적이다너는조금만더가면떡볶이를먹을수있다근데겨우나온이유가고작먹는것때문이라니안행복너정말미쳤구나뭐하는거야대체매일매일먹고누워자는거말
241,나는할수있다안행복너는걸을수있다집밖으로나온것만해도이미기적이다너는조금만더가면떡볶이를먹을수있다근데겨우나온이유가고작먹는것때문이라니안행복너정말미쳤구나뭐하는거야대체매일매일먹고누워자는거말ㄱ
242,나는할수있다안행복너는걸을수있다집밖으로나온것만해도이미기적이다너는조금만더가면떡볶이를먹을수있다근데겨우나온이유가고작먹는것때문이라니안행복너정말미쳤구나뭐하는거야대체매일매일먹고누워자는거말고
243,나는할수있다안행복너는걸을수있다집밖으로나온것만해도이미기적이다너는조금만더가면떡볶이를먹을수있다근데겨우나온이유가고작먹는것때문이라니안행복너정말미쳤구나뭐하는거야대체매일매일먹고누워자는거말고ㅎ
244,나는할수있다안행복너는걸을수있다집밖으로나온것만해도이미기적이다너는조금만더가면떡볶이를먹을수있다근데겨우나온이유가고작먹는것때문이라니안행복너정말미쳤구나뭐하는거야대체매일매일먹고누워자는거말고하
245,나는할수있다안행복너는걸을수있다집밖으로나온것만해도이미기적이다너는조금만더가면떡볶이를먹을수있다근데겨우나온이유가고작먹는것때문이라니안행복너정말미쳤구나뭐하는거야대체매일매일먹고누워자는거말고하ㄴ
246,나는할수있다안행복너는걸을수있다집밖으로나온것만해도이미기적이다너는조금만더가면떡볶이를먹을수있다근데겨우나온이유가고작먹는것때문이라니안행복너정말미쳤구나뭐하는거야대체매일매일먹고누워자는거말고하느
247,나는할수있다안행복너는걸을수있다집밖으로나온것만해도이미기적이다너는조금만더가면떡볶이를먹을수있다근데겨우나온이유가고작먹는것때문이라니안행복너정말미쳤구나뭐하는거야대체매일매일먹고누워자는거말고하는
248,나는할수있다안행복너는걸을수있다집밖으로나온것만해도이미기적이다너는조금만더가면떡볶이를먹을수있다근데겨우나온이유가고작먹는것때문이라니안행복너정말미쳤구나뭐하는거야대체매일매일먹고누워자는거말고하는ㄱ
249,나는할수있다안행복너는걸을수있다집밖으로나온것만해도이미기적이다너는조금만더가면떡볶이를먹을수있다근데겨우나온이유가고작먹는것때문이라니안행복너정말미쳤구나뭐하는거야대체매일매일먹고누워자는거말고하는게
250,나는할수있다안행복너는걸을수있다집밖으로나온것만해도이미기적이다너는조금만더가면떡볶이를먹을수있다근데겨우나온이유가고작먹는것때문이라니안행복너정말미쳤구나뭐하는거야대체매일매일먹고누워자는거말고하는게ㅁ
251,나는할수있다안행복너는걸을수있다집밖으로나온것만해도이미기적이다너는조금만더가면떡볶이를먹을수있다근데겨우나온이유가고작먹는것때문이라니안행복너정말미쳤구나뭐하는거야대체매일매일먹고누워자는거말고하는게무
252,나는할수있다안행복너는걸을수있다집밖으로나온것만해도이미기적이다너는조금만더가면떡볶이를먹을수있다근데겨우나온이유가고작먹는것때문이라니안행복너정말미쳤구나뭐하는거야대체매일매일먹고누워자는거말고하는게뭐
253,나는할수있다안행복너는걸을수있다집밖으로나온것만해도이미기적이다너는조금만더가면떡볶이를먹을수있다근데겨우나온이유가고작먹는것때문이라니안행복너정말미쳤구나뭐하는거야대체매일매일먹고누워자는거말고하는게뭐ㅇ
254,나는할수있다안행복너는걸을수있다집밖으로나온것만해도이미기적이다너는조금만더가면떡볶이를먹을수있다근데겨우나온이유가고작먹는것때문이라니안행복너정말미쳤구나뭐하는거야대체매일매일먹고누워자는거말고하는게뭐야
255,나는할수있다안행복너는걸을수있다집밖으로나온것만해도이미기적이다너는조금만더가면떡볶이를먹을수있다근데겨우나온이유가고작먹는것때문이라니안행복너정말미쳤구나뭐하는거야대체매일매일먹고누워자는거말고하는게뭐야ㅈ
256,나는할수있다안행복너는걸을수있다집밖으로나온것만해도이미기적이다너는조금만더가면떡볶이를먹을수있다근데겨우나온이유가고작먹는것때문이라니안행복너정말미쳤구나뭐하는거야대체매일매일먹고누워자는거말고하는게뭐야지
257,나는할수있다안행복너는걸을수있다집밖으로나온것만해도이미기적이다너는조금만더가면떡볶이를먹을수있다근데겨우나온이유가고작먹는것때문이라니안행복너정말미쳤구나뭐하는거야대체매일매일먹고누워자는거말고하는게뭐야지ㄱ
258,나는할수있다안행복너는걸을수있다집밖으로나온것만해도이미기적이다너는조금만더가면떡볶이를먹을수있다근데겨우나온이유가고작먹는것때문이라니안행복너정말미쳤구나뭐하는거야대체매일매일먹고누워자는거말고하는게뭐야지그
259,나는할수있다안행복너는걸을수있다집밖으로나온것만해도이미기적이다너는조금만더가면떡볶이를먹을수있다근데겨우나온이유가고작먹는것때문이라니안행복너정말미쳤구나뭐하는거야대체매일매일먹고누워자는거말고하는게뭐야지금
260,나는할수있다안행복너는걸을수있다집밖으로나온것만해도이미기적이다너는조금만더가면떡볶이를먹을수있다근데겨우나온이유가고작먹는것때문이라니안행복너정말미쳤구나뭐하는거야대체매일매일먹고누워자는거말고하는게뭐야지금ㅅ
261,나는할수있다안행복너는걸을수있다집밖으로나온것만해도이미기적이다너는조금만더가면떡볶이를먹을수있다근데겨우나온이유가고작먹는것때문이라니안행복너정말미쳤구나뭐하는거야대체매일매일먹고누워자는거말고하는게뭐야지금사
262,나는할수있다안행복너는걸을수있다집밖으로나온것만해도이미기적이다너는조금만더가면떡볶이를먹을수있다근데겨우나온이유가고작먹는것때문이라니안행복너정말미쳤구나뭐하는거야대체매일매일먹고누워자는거말고하는게뭐야지금살
263,나는할수있다안행복너는걸을수있다집밖으로나온것만해도이미기적이다너는조금만더가면떡볶이를먹을수있다근데겨우나온이유가고작먹는것때문이라니안행복너정말미쳤구나뭐하는거야대체매일매일먹고누워자는거말고하는게뭐야지금살ㅇ
264,나는할수있다안행복너는걸을수있다집밖으로나온것만해도이미기적이다너는조금만더가면떡볶이를먹을수있다근데겨우나온이유가고작먹는것때문이라니안행복너정말미쳤구나뭐하는거야대체매일매일먹고누워자는거말고하는게뭐야지금살이
265,나는할수있다안행복너는걸을수있다집밖으로나온것만해도이미기적이다너는조금만더가면떡볶이를먹을수있다근데겨우나온이유가고작먹는것때문이라니안행복너정말미쳤구나뭐하는거야대체매일매일먹고누워자는거말고하는게뭐야지금살이ㅇ
266,나는할수있다안행복너는걸을수있다집밖으로나온것만해도이미기적이다너는조금만더가면떡볶이를먹을수있다근데겨우나온이유가고작먹는것때문이라니안행복너정말미쳤구나뭐하는거야대체매일매일먹고누워자는거말고하는게뭐야지금살이어
267,나는할수있다안행복너는걸을수있다집밖으로나온것만해도이미기적이다너는조금만더가면떡볶이를먹을수있다근데겨우나온이유가고작먹는것때문이라니안행복너정말미쳤구나뭐하는거야대체매일매일먹고누워자는거말고하는게뭐야지금살이얼
268,나는할수있다안행복너는걸을수있다집밖으로나온것만해도이미기적이다너는조금만더가면떡볶이를먹을수있다근데겨우나온이유가고작먹는것때문이라니안행복너정말미쳤구나뭐하는거야대체매일매일먹고누워자는거말고하는게뭐야지금살이얼ㅁ
269,나는할수있다안행복너는걸을수있다집밖으로나온것만해도이미기적이다너는조금만더가면떡볶이를먹을수있다근데겨우나온이유가고작먹는것때문이라니안행복너정말미쳤구나뭐하는거야대체매일매일먹고누워자는거말고하는게뭐야지금살이얼마
270,나는할수있다안행복너는걸을수있다집밖으로나온것만해도이미기적이다너는조금만더가면떡볶이를먹을수있다근데겨우나온이유가고작먹는것때문이라니안행복너정말미쳤구나뭐하는거야대체매일매일먹고누워자는거말고하는게뭐야지금살이얼마ㄴ
271,나는할수있다안행복너는걸을수있다집밖으로나온것만해도이미기적이다너는조금만더가면떡볶이를먹을수있다근데겨우나온이유가고작먹는것때문이라니안행복너정말미쳤구나뭐하는거야대체매일매일먹고누워자는거말고하는게뭐야지금살이얼마나
272,나는할수있다안행복너는걸을수있다집밖으로나온것만해도이미기적이다너는조금만더가면떡볶이를먹을수있다근데겨우나온이유가고작먹는것때문이라니안행복너정말미쳤구나뭐하는거야대체매일매일먹고누워자는거말고하는게뭐야지금살이얼마나ㅉ
273,나는할수있다안행복너는걸을수있다집밖으로나온것만해도이미기적이다너는조금만더가면떡볶이를먹을수있다근데겨우나온이유가고작먹는것때문이라니안행복너정말미쳤구나뭐하는거야대체매일매일먹고누워자는거말고하는게뭐야지금살이얼마나쪄
274,나는할수있다안행복너는걸을수있다집밖으로나온것만해도이미기적이다너는조금만더가면떡볶이를먹을수있다근데겨우나온이유가고작먹는것때문이라니안행복너정말미쳤구나뭐하는거야대체매일매일먹고누워자는거말고하는게뭐야지금살이얼마나쪘
275,나는할수있다안행복너는걸을수있다집밖으로나온것만해도이미기적이다너는조금만더가면떡볶이를먹을수있다근데겨우나온이유가고작먹는것때문이라니안행복너정말미쳤구나뭐하는거야대체매일매일먹고누워자는거말고하는게뭐야지금살이얼마나쪘ㄴ
276,나는할수있다안행복너는걸을수있다집밖으로나온것만해도이미기적이다너는조금만더가면떡볶이를먹을수있다근데겨우나온이유가고작먹는것때문이라니안행복너정말미쳤구나뭐하는거야대체매일매일먹고누워자는거말고하는게뭐야지금살이얼마나쪘느
277,나는할수있다안행복너는걸을수있다집밖으로나온것만해도이미기적이다너는조금만더가면떡볶이를먹을수있다근데겨우나온이유가고작먹는것때문이라니안행복너정말미쳤구나뭐하는거야대체매일매일먹고누워자는거말고하는게뭐야지금살이얼마나쪘는
278,나는할수있다안행복너는걸을수있다집밖으로나온것만해도이미기적이다너는조금만더가면떡볶이를먹을수있다근데겨우나온이유가고작먹는것때문이라니안행복너정말미쳤구나뭐하는거야대체매일매일먹고누워자는거말고하는게뭐야지금살이얼마나쪘는ㅈ
279,나는할수있다안행복너는걸을수있다집밖으로나온것만해도이미기적이다너는조금만더가면떡볶이를먹을수있다근데겨우나온이유가고작먹는것때문이라니안행복너정말미쳤구나뭐하는거야대체매일매일먹고누워자는거말고하는게뭐야지금살이얼마나쪘는지
280,나는할수있다안행복너는걸을수있다집밖으로나온것만해도이미기적이다너는조금만더가면떡볶이를먹을수있다근데겨우나온이유가고작먹는것때문이라니안행복너정말미쳤구나뭐하는거야대체매일매일먹고누워자는거말고하는게뭐야지금살이얼마나쪘는지ㅇ
281,나는할수있다안행복너는걸을수있다집밖으로나온것만해도이미기적이다너는조금만더가면떡볶이를먹을수있다근데겨우나온이유가고작먹는것때문이라니안행복너정말미쳤구나뭐하는거야대체매일매일먹고누워자는거말고하는게뭐야지금살이얼마나쪘는지아
282,나는할수있다안행복너는걸을수있다집밖으로나온것만해도이미기적이다너는조금만더가면떡볶이를먹을수있다근데겨우나온이유가고작먹는것때문이라니안행복너정말미쳤구나뭐하는거야대체매일매일먹고누워자는거말고하는게뭐야지금살이얼마나쪘는지알
283,나는할수있다안행복너는걸을수있다집밖으로나온것만해도이미기적이다너는조금만더가면떡볶이를먹을수있다근데겨우나온이유가고작먹는것때문이라니안행복너정말미쳤구나뭐하는거야대체매일매일먹고누워자는거말고하는게뭐야지금살이얼마나쪘는지알ㄱ
284,나는할수있다안행복너는걸을수있다집밖으로나온것만해도이미기적이다너는조금만더가면떡볶이를먹을수있다근데겨우나온이유가고작먹는것때문이라니안행복너정말미쳤구나뭐하는거야대체매일매일먹고누워자는거말고하는게뭐야지금살이얼마나쪘는지알고
285,나는할수있다안행복너는걸을수있다집밖으로나온것만해도이미기적이다너는조금만더가면떡볶이를먹을수있다근데겨우나온이유가고작먹는것때문이라니안행복너정말미쳤구나뭐하는거야대체매일매일먹고누워자는거말고하는게뭐야지금살이얼마나쪘는지알고ㄷ
286,나는할수있다안행복너는걸을수있다집밖으로나온것만해도이미기적이다너는조금만더가면떡볶이를먹을수있다근데겨우나온이유가고작먹는것때문이라니안행복너정말미쳤구나뭐하는거야대체매일매일먹고누워자는거말고하는게뭐야지금살이얼마나쪘는지알고도
287,나는할수있다안행복너는걸을수있다집밖으로나온것만해도이미기적이다너는조금만더가면떡볶이를먹을수있다근데겨우나온이유가고작먹는것때문이라니안행복너정말미쳤구나뭐하는거야대체매일매일먹고누워자는거말고하는게뭐야지금살이얼마나쪘는지알고도ㄸ
288,나는할수있다안행복너는걸을수있다집밖으로나온것만해도이미기적이다너는조금만더가면떡볶이를먹을수있다근데겨우나온이유가고작먹는것때문이라니안행복너정말미쳤구나뭐하는거야대체매일매일먹고누워자는거말고하는게뭐야지금살이얼마나쪘는지알고도떠
289,나는할수있다안행복너는걸을수있다집밖으로나온것만해도이미기적이다너는조금만더가면떡볶이를먹을수있다근데겨우나온이유가고작먹는것때문이라니안행복너정말미쳤구나뭐하는거야대체매일매일먹고누워자는거말고하는게뭐야지금살이얼마나쪘는지알고도떡
290,나는할수있다안행복너는걸을수있다집밖으로나온것만해도이미기적이다너는조금만더가면떡볶이를먹을수있다근데겨우나온이유가고작먹는것때문이라니안행복너정말미쳤구나뭐하는거야대체매일매일먹고누워자는거말고하는게뭐야지금살이얼마나쪘는지알고도떡ㅂ
291,나는할수있다안행복너는걸을수있다집밖으로나온것만해도이미기적이다너는조금만더가면떡볶이를먹을수있다근데겨우나온이유가고작먹는것때문이라니안행복너정말미쳤구나뭐하는거야대체매일매일먹고누워자는거말고하는게뭐야지금살이얼마나쪘는지알고도떡보
292,나는할수있다안행복너는걸을수있다집밖으로나온것만해도이미기적이다너는조금만더가면떡볶이를먹을수있다근데겨우나온이유가고작먹는것때문이라니안행복너정말미쳤구나뭐하는거야대체매일매일먹고누워자는거말고하는게뭐야지금살이얼마나쪘는지알고도떡볶
293,나는할수있다안행복너는걸을수있다집밖으로나온것만해도이미기적이다너는조금만더가면떡볶이를먹을수있다근데겨우나온이유가고작먹는것때문이라니안행복너정말미쳤구나뭐하는거야대체매일매일먹고누워자는거말고하는게뭐야지금살이얼마나쪘는지알고도떡볶ㅇ
294,나는할수있다안행복너는걸을수있다집밖으로나온것만해도이미기적이다너는조금만더가면떡볶이를먹을수있다근데겨우나온이유가고작먹는것때문이라니안행복너정말미쳤구나뭐하는거야대체매일매일먹고누워자는거말고하는게뭐야지금살이얼마나쪘는지알고도떡볶이
295,나는할수있다안행복너는걸을수있다집밖으로나온것만해도이미기적이다너는조금만더가면떡볶이를먹을수있다근데겨우나온이유가고작먹는것때문이라니안행복너정말미쳤구나뭐하는거야대체매일매일먹고누워자는거말고하는게뭐야지금살이얼마나쪘는지알고도떡볶이ㄱ
296,나는할수있다안행복너는걸을수있다집밖으로나온것만해도이미기적이다너는조금만더가면떡볶이를먹을수있다근데겨우나온이유가고작먹는것때문이라니안행복너정말미쳤구나뭐하는거야대체매일매일먹고누워자는거말고하는게뭐야지금살이얼마나쪘는지알고도떡볶이가
297,나는할수있다안행복너는걸을수있다집밖으로나온것만해도이미기적이다너는조금만더가면떡볶이를먹을수있다근데겨우나온이유가고작먹는것때문이라니안행복너정말미쳤구나뭐하는거야대체매일매일먹고누워자는거말고하는게뭐야지금살이얼마나쪘는지알고도떡볶이가ㅁ
298,나는할수있다안행복너는걸을수있다집밖으로나온것만해도이미기적이다너는조금만더가면떡볶이를먹을수있다근데겨우나온이유가고작먹는것때문이라니안행복너정말미쳤구나뭐하는거야대체매일매일먹고누워자는거말고하는게뭐야지금살이얼마나쪘는지알고도떡볶이가머
299,나는할수있다안행복너는걸을수있다집밖으로나온것만해도이미기적이다너는조금만더가면떡볶이를먹을수있다근데겨우나온이유가고작먹는것때문이라니안행복너정말미쳤구나뭐하는거야대체매일매일먹고누워자는거말고하는게뭐야지금살이얼마나쪘는지알고도떡볶이가먹
300,나는할수있다안행복너는걸을수있다집밖으로나온것만해도이미기적이다너는조금만더가면떡볶이를먹을수있다근데겨우나온이유가고작먹는것때문이라니안행복너정말미쳤구나뭐하는거야대체매일매일먹고누워자는거말고하는게뭐야지금살이얼마나쪘는지알고도떡볶이가먹ㄱ
301,나는할수있다안행복너는걸을수있다집밖으로나온것만해도이미기적이다너는조금만더가면떡볶이를먹을수있다근데겨우나온이유가고작먹는것때문이라니안행복너정말미쳤구나뭐하는거야대체매일매일먹고누워자는거말고하는게뭐야지금살이얼마나쪘는지알고도떡볶이가먹고
302,나는할수있다안행복너는걸을수있다집밖으로나온것만해도이미기적이다너는조금만더가면떡볶이를먹을수있다근데겨우나온이유가고작먹는것때문이라니안행복너정말미쳤구나뭐하는거야대체매일매일먹고누워자는거말고하는게뭐야지금살이얼마나쪘는지알고도떡볶이가먹고ㅅ
303,나는할수있다안행복너는걸을수있다집밖으로나온것만해도이미기적이다너는조금만더가면떡볶이를먹을수있다근데겨우나온이유가고작먹는것때문이라니안행복너정말미쳤구나뭐하는거야대체매일매일먹고누워자는거말고하는게뭐야지금살이얼마나쪘는지알고도떡볶이가먹고시
304,나는할수있다안행복너는걸을수있다집밖으로나온것만해도이미기적이다너는조금만더가면떡볶이를먹을수있다근데겨우나온이유가고작먹는것때문이라니안행복너정말미쳤구나뭐하는거야대체매일매일먹고누워자는거말고하는게뭐야지금살이얼마나쪘는지알고도떡볶이가먹고싶
305,나는할수있다안행복너는걸을수있다집밖으로나온것만해도이미기적이다너는조금만더가면떡볶이를먹을수있다근데겨우나온이유가고작먹는것때문이라니안행복너정말미쳤구나뭐하는거야대체매일매일먹고누워자는거말고하는게뭐야지금살이얼마나쪘는지알고도떡볶이가먹고싶ㅇ
306,나는할수있다안행복너는걸을수있다집밖으로나온것만해도이미기적이다너는조금만더가면떡볶이를먹을수있다근데겨우나온이유가고작먹는것때문이라니안행복너정말미쳤구나뭐하는거야대체매일매일먹고누워자는거말고하는게뭐야지금살이얼마나쪘는지알고도떡볶이가먹고싶어
307,나는할수있다안행복너는걸을수있다집밖으로나온것만해도이미기적이다너는조금만더가면떡볶이를먹을수있다근데겨우나온이유가고작먹는것때문이라니안행복너정말미쳤구나뭐하는거야대체매일매일먹고누워자는거말고하는게뭐야지금살이얼마나쪘는지알고도떡볶이가먹고싶어ㄲ
308,나는할수있다안행복너는걸을수있다집밖으로나온것만해도이미기적이다너는조금만더가면떡볶이를먹을수있다근데겨우나온이유가고작먹는것때문이라니안행복너정말미쳤구나뭐하는거야대체매일매일먹고누워자는거말고하는게뭐야지금살이얼마나쪘는지알고도떡볶이가먹고싶어꼬
309,나는할수있다안행복너는걸을수있다집밖으로나온것만해도이미기적이다너는조금만더가면떡볶이를먹을수있다근데겨우나온이유가고작먹는것때문이라니안행복너정말미쳤구나뭐하는거야대체매일매일먹고누워자는거말고하는게뭐야지금살이얼마나쪘는지알고도떡볶이가먹고싶어꼴
310,나는할수있다안행복너는걸을수있다집밖으로나온것만해도이미기적이다너는조금만더가면떡볶이를먹을수있다근데겨우나온이유가고작먹는것때문이라니안행복너정말미쳤구나뭐하는거야대체매일매일먹고누워자는거말고하는게뭐야지금살이얼마나쪘는지알고도떡볶이가먹고싶어꼴ㅇ
311,나는할수있다안행복너는걸을수있다집밖으로나온것만해도이미기적이다너는조금만더가면떡볶이를먹을수있다근데겨우나온이유가고작먹는것때문이라니안행복너정말미쳤구나뭐하는거야대체매일매일먹고누워자는거말고하는게뭐야지금살이얼마나쪘는지알고도떡볶이가먹고싶어꼴으
312,나는할수있다안행복너는걸을수있다집밖으로나온것만해도이미기적이다너는조금만더가면떡볶이를먹을수있다근데겨우나온이유가고작먹는것때문이라니안행복너정말미쳤구나뭐하는거야대체매일매일먹고누워자는거말고하는게뭐야지금살이얼마나쪘는지알고도떡볶이가먹고싶어꼴을
313,나는할수있다안행복너는걸을수있다집밖으로나온것만해도이미기적이다너는조금만더가면떡볶이를먹을수있다근데겨우나온이유가고작먹는것때문이라니안행복너정말미쳤구나뭐하는거야대체매일매일먹고누워자는거말고하는게뭐야지금살이얼마나쪘는지알고도떡볶이가먹고싶어꼴을ㅈ
314,나는할수있다안행복너는걸을수있다집밖으로나온것만해도이미기적이다너는조금만더가면떡볶이를먹을수있다근데겨우나온이유가고작먹는것때문이라니안행복너정말미쳤구나뭐하는거야대체매일매일먹고누워자는거말고하는게뭐야지금살이얼마나쪘는지알고도떡볶이가먹고싶어꼴을조
315,나는할수있다안행복너는걸을수있다집밖으로나온것만해도이미기적이다너는조금만더가면떡볶이를먹을수있다근데겨우나온이유가고작먹는것때문이라니안행복너정말미쳤구나뭐하는거야대체매일매일먹고누워자는거말고하는게뭐야지금살이얼마나쪘는지알고도떡볶이가먹고싶어꼴을좀
316,나는할수있다안행복너는걸을수있다집밖으로나온것만해도이미기적이다너는조금만더가면떡볶이를먹을수있다근데겨우나온이유가고작먹는것때문이라니안행복너정말미쳤구나뭐하는거야대체매일매일먹고누워자는거말고하는게뭐야지금살이얼마나쪘는지알고도떡볶이가먹고싶어꼴을좀ㅂ
317,나는할수있다안행복너는걸을수있다집밖으로나온것만해도이미기적이다너는조금만더가면떡볶이를먹을수있다근데겨우나온이유가고작먹는것때문이라니안행복너정말미쳤구나뭐하는거야대체매일매일먹고누워자는거말고하는게뭐야지금살이얼마나쪘는지알고도떡볶이가먹고싶어꼴을좀보
318,나는할수있다안행복너는걸을수있다집밖으로나온것만해도이미기적이다너는조금만더가면떡볶이를먹을수있다근데겨우나온이유가고작먹는것때문이라니안행복너정말미쳤구나뭐하는거야대체매일매일먹고누워자는거말고하는게뭐야지금살이얼마나쪘는지알고도떡볶이가먹고싶어꼴을좀봐
319,나는할수있다안행복너는걸을수있다집밖으로나온것만해도이미기적이다너는조금만더가면떡볶이를먹을수있다근데겨우나온이유가고작먹는것때문이라니안행복너정말미쳤구나뭐하는거야대체매일매일먹고누워자는거말고하는게뭐야지금살이얼마나쪘는지알고도떡볶이가먹고싶어꼴을좀봐ㄷ
320,나는할수있다안행복너는걸을수있다집밖으로나온것만해도이미기적이다너는조금만더가면떡볶이를먹을수있다근데겨우나온이유가고작먹는것때문이라니안행복너정말미쳤구나뭐하는거야대체매일매일먹고누워자는거말고하는게뭐야지금살이얼마나쪘는지알고도떡볶이가먹고싶어꼴을좀봐도
321,나는할수있다안행복너는걸을수있다집밖으로나온것만해도이미기적이다너는조금만더가면떡볶이를먹을수있다근데겨우나온이유가고작먹는것때문이라니안행복너정말미쳤구나뭐하는거야대체매일매일먹고누워자는거말고하는게뭐야지금살이얼마나쪘는지알고도떡볶이가먹고싶어꼴을좀봐돌
322,나는할수있다안행복너는걸을수있다집밖으로나온것만해도이미기적이다너는조금만더가면떡볶이를먹을수있다근데겨우나온이유가고작먹는것때문이라니안행복너정말미쳤구나뭐하는거야대체매일매일먹고누워자는거말고하는게뭐야지금살이얼마나쪘는지알고도떡볶이가먹고싶어꼴을좀봐돌ㅇ
323,나는할수있다안행복너는걸을수있다집밖으로나온것만해도이미기적이다너는조금만더가면떡볶이를먹을수있다근데겨우나온이유가고작먹는것때문이라니안행복너정말미쳤구나뭐하는거야대체매일매일먹고누워자는거말고하는게뭐야지금살이얼마나쪘는지알고도떡볶이가먹고싶어꼴을좀봐돌아
324,나는할수있다안행복너는걸을수있다집밖으로나온것만해도이미기적이다너는조금만더가면떡볶이를먹을수있다근데겨우나온이유가고작먹는것때문이라니안행복너정말미쳤구나뭐하는거야대체매일매일먹고누워자는거말고하는게뭐야지금살이얼마나쪘는지알고도떡볶이가먹고싶어꼴을좀봐돌아ㄱ
325,나는할수있다안행복너는걸을수있다집밖으로나온것만해도이미기적이다너는조금만더가면떡볶이를먹을수있다근데겨우나온이유가고작먹는것때문이라니안행복너정말미쳤구나뭐하는거야대체매일매일먹고누워자는거말고하는게뭐야지금살이얼마나쪘는지알고도떡볶이가먹고싶어꼴을좀봐돌아가
326,나는할수있다안행복너는걸을수있다집밖으로나온것만해도이미기적이다너는조금만더가면떡볶이를먹을수있다근데겨우나온이유가고작먹는것때문이라니안행복너정말미쳤구나뭐하는거야대체매일매일먹고누워자는거말고하는게뭐야지금살이얼마나쪘는지알고도떡볶이가먹고싶어꼴을좀봐돌아갈
327,나는할수있다안행복너는걸을수있다집밖으로나온것만해도이미기적이다너는조금만더가면떡볶이를먹을수있다근데겨우나온이유가고작먹는것때문이라니안행복너정말미쳤구나뭐하는거야대체매일매일먹고누워자는거말고하는게뭐야지금살이얼마나쪘는지알고도떡볶이가먹고싶어꼴을좀봐돌아갈ㄲ
328,나는할수있다안행복너는걸을수있다집밖으로나온것만해도이미기적이다너는조금만더가면떡볶이를먹을수있다근데겨우나온이유가고작먹는것때문이라니안행복너정말미쳤구나뭐하는거야대체매일매일먹고누워자는거말고하는게뭐야지금살이얼마나쪘는지알고도떡볶이가먹고싶어꼴을좀봐돌아갈까
329,나는할수있다안행복너는걸을수있다집밖으로나온것만해도이미기적이다너는조금만더가면떡볶이를먹을수있다근데겨우나온이유가고작먹는것때문이라니안행복너정말미쳤구나뭐하는거야대체매일매일먹고누워자는거말고하는게뭐야지금살이얼마나쪘는지알고도떡볶이가먹고싶어꼴을좀봐돌아갈까ㅇ
330,나는할수있다안행복너는걸을수있다집밖으로나온것만해도이미기적이다너는조금만더가면떡볶이를먹을수있다근데겨우나온이유가고작먹는것때문이라니안행복너정말미쳤구나뭐하는거야대체매일매일먹고누워자는거말고하는게뭐야지금살이얼마나쪘는지알고도떡볶이가먹고싶어꼴을좀봐돌아갈까아
331,나는할수있다안행복너는걸을수있다집밖으로나온것만해도이미기적이다너는조금만더가면떡볶이를먹을수있다근데겨우나온이유가고작먹는것때문이라니안행복너정말미쳤구나뭐하는거야대체매일매일먹고누워자는거말고하는게뭐야지금살이얼마나쪘는지알고도떡볶이가먹고싶어꼴을좀봐돌아갈까아ㄴ
332,나는할수있다안행복너는걸을수있다집밖으로나온것만해도이미기적이다너는조금만더가면떡볶이를먹을수있다근데겨우나온이유가고작먹는것때문이라니안행복너정말미쳤구나뭐하는거야대체매일매일먹고누워자는거말고하는게뭐야지금살이얼마나쪘는지알고도떡볶이가먹고싶어꼴을좀봐돌아갈까아냐
333,나는할수있다안행복너는걸을수있다집밖으로나온것만해도이미기적이다너는조금만더가면떡볶이를먹을수있다근데겨우나온이유가고작먹는것때문이라니안행복너정말미쳤구나뭐하는거야대체매일매일먹고누워자는거말고하는게뭐야지금살이얼마나쪘는지알고도떡볶이가먹고싶어꼴을좀봐돌아갈까아냐ㄱ
334,나는할수있다안행복너는걸을수있다집밖으로나온것만해도이미기적이다너는조금만더가면떡볶이를먹을수있다근데겨우나온이유가고작먹는것때문이라니안행복너정말미쳤구나뭐하는거야대체매일매일먹고누워자는거말고하는게뭐야지금살이얼마나쪘는지알고도떡볶이가먹고싶어꼴을좀봐돌아갈까아냐그
335,나는할수있다안행복너는걸을수있다집밖으로나온것만해도이미기적이다너는조금만더가면떡볶이를먹을수있다근데겨우나온이유가고작먹는것때문이라니안행복너정말미쳤구나뭐하는거야대체매일매일먹고누워자는거말고하는게뭐야지금살이얼마나쪘는지알고도떡볶이가먹고싶어꼴을좀봐돌아갈까아냐그ㄹ
336,나는할수있다안행복너는걸을수있다집밖으로나온것만해도이미기적이다너는조금만더가면떡볶이를먹을수있다근데겨우나온이유가고작먹는것때문이라니안행복너정말미쳤구나뭐하는거야대체매일매일먹고누워자는거말고하는게뭐야지금살이얼마나쪘는지알고도떡볶이가먹고싶어꼴을좀봐돌아갈까아냐그래
337,나는할수있다안행복너는걸을수있다집밖으로나온것만해도이미기적이다너는조금만더가면떡볶이를먹을수있다근데겨우나온이유가고작먹는것때문이라니안행복너정말미쳤구나뭐하는거야대체매일매일먹고누워자는거말고하는게뭐야지금살이얼마나쪘는지알고도떡볶이가먹고싶어꼴을좀봐돌아갈까아냐그래ㄷ
338,나는할수있다안행복너는걸을수있다집밖으로나온것만해도이미기적이다너는조금만더가면떡볶이를먹을수있다근데겨우나온이유가고작먹는것때문이라니안행복너정말미쳤구나뭐하는거야대체매일매일먹고누워자는거말고하는게뭐야지금살이얼마나쪘는지알고도떡볶이가먹고싶어꼴을좀봐돌아갈까아냐그래도
339,나는할수있다안행복너는걸을수있다집밖으로나온것만해도이미기적이다너는조금만더가면떡볶이를먹을수있다근데겨우나온이유가고작먹는것때문이라니안행복너정말미쳤구나뭐하는거야대체매일매일먹고누워자는거말고하는게뭐야지금살이얼마나쪘는지알고도떡볶이가먹고싶어꼴을좀봐돌아갈까아냐그래도ㅇ
340,나는할수있다안행복너는걸을수있다집밖으로나온것만해도이미기적이다너는조금만더가면떡볶이를먹을수있다근데겨우나온이유가고작먹는것때문이라니안행복너정말미쳤구나뭐하는거야대체매일매일먹고누워자는거말고하는게뭐야지금살이얼마나쪘는지알고도떡볶이가먹고싶어꼴을좀봐돌아갈까아냐그래도이
341,나는할수있다안행복너는걸을수있다집밖으로나온것만해도이미기적이다너는조금만더가면떡볶이를먹을수있다근데겨우나온이유가고작먹는것때문이라니안행복너정말미쳤구나뭐하는거야대체매일매일먹고누워자는거말고하는게뭐야지금살이얼마나쪘는지알고도떡볶이가먹고싶어꼴을좀봐돌아갈까아냐그래도이ㄲ
342,나는할수있다안행복너는걸을수있다집밖으로나온것만해도이미기적이다너는조금만더가면떡볶이를먹을수있다근데겨우나온이유가고작먹는것때문이라니안행복너정말미쳤구나뭐하는거야대체매일매일먹고누워자는거말고하는게뭐야지금살이얼마나쪘는지알고도떡볶이가먹고싶어꼴을좀봐돌아갈까아냐그래도이까
343,나는할수있다안행복너는걸을수있다집밖으로나온것만해도이미기적이다너는조금만더가면떡볶이를먹을수있다근데겨우나온이유가고작먹는것때문이라니안행복너정말미쳤구나뭐하는거야대체매일매일먹고누워자는거말고하는게뭐야지금살이얼마나쪘는지알고도떡볶이가먹고싶어꼴을좀봐돌아갈까아냐그래도이까ㅈ
344,나는할수있다안행복너는걸을수있다집밖으로나온것만해도이미기적이다너는조금만더가면떡볶이를먹을수있다근데겨우나온이유가고작먹는것때문이라니안행복너정말미쳤구나뭐하는거야대체매일매일먹고누워자는거말고하는게뭐야지금살이얼마나쪘는지알고도떡볶이가먹고싶어꼴을좀봐돌아갈까아냐그래도이까지
345,나는할수있다안행복너는걸을수있다집밖으로나온것만해도이미기적이다너는조금만더가면떡볶이를먹을수있다근데겨우나온이유가고작먹는것때문이라니안행복너정말미쳤구나뭐하는거야대체매일매일먹고누워자는거말고하는게뭐야지금살이얼마나쪘는지알고도떡볶이가먹고싶어꼴을좀봐돌아갈까아냐그래도이까지ㅇ
346,나는할수있다안행복너는걸을수있다집밖으로나온것만해도이미기적이다너는조금만더가면떡볶이를먹을수있다근데겨우나온이유가고작먹는것때문이라니안행복너정말미쳤구나뭐하는거야대체매일매일먹고누워자는거말고하는게뭐야지금살이얼마나쪘는지알고도떡볶이가먹고싶어꼴을좀봐돌아갈까아냐그래도이까지오
347,나는할수있다안행복너는걸을수있다집밖으로나온것만해도이미기적이다너는조금만더가면떡볶이를먹을수있다근데겨우나온이유가고작먹는것때문이라니안행복너정말미쳤구나뭐하는거야대체매일매일먹고누워자는거말고하는게뭐야지금살이얼마나쪘는지알고도떡볶이가먹고싶어꼴을좀봐돌아갈까아냐그래도이까지와
348,나는할수있다안행복너는걸을수있다집밖으로나온것만해도이미기적이다너는조금만더가면떡볶이를먹을수있다근데겨우나온이유가고작먹는것때문이라니안행복너정말미쳤구나뭐하는거야대체매일매일먹고누워자는거말고하는게뭐야지금살이얼마나쪘는지알고도떡볶이가먹고싶어꼴을좀봐돌아갈까아냐그래도이까지왔
349,나는할수있다안행복너는걸을수있다집밖으로나온것만해도이미기적이다너는조금만더가면떡볶이를먹을수있다근데겨우나온이유가고작먹는것때문이라니안행복너정말미쳤구나뭐하는거야대체매일매일먹고누워자는거말고하는게뭐야지금살이얼마나쪘는지알고도떡볶이가먹고싶어꼴을좀봐돌아갈까아냐그래도이까지왔ㄴ
350,나는할수있다안행복너는걸을수있다집밖으로나온것만해도이미기적이다너는조금만더가면떡볶이를먹을수있다근데겨우나온이유가고작먹는것때문이라니안행복너정말미쳤구나뭐하는거야대체매일매일먹고누워자는거말고하는게뭐야지금살이얼마나쪘는지알고도떡볶이가먹고싶어꼴을좀봐돌아갈까아냐그래도이까지왔느
351,나는할수있다안행복너는걸을수있다집밖으로나온것만해도이미기적이다너는조금만더가면떡볶이를먹을수있다근데겨우나온이유가고작먹는것때문이라니안행복너정말미쳤구나뭐하는거야대체매일매일먹고누워자는거말고하는게뭐야지금살이얼마나쪘는지알고도떡볶이가먹고싶어꼴을좀봐돌아갈까아냐그래도이까지왔는
352,나는할수있다안행복너는걸을수있다집밖으로나온것만해도이미기적이다너는조금만더가면떡볶이를먹을수있다근데겨우나온이유가고작먹는것때문이라니안행복너정말미쳤구나뭐하는거야대체매일매일먹고누워자는거말고하는게뭐야지금살이얼마나쪘는지알고도떡볶이가먹고싶어꼴을좀봐돌아갈까아냐그래도이까지왔는ㄷ
353,나는할수있다안행복너는걸을수있다집밖으로나온것만해도이미기적이다너는조금만더가면떡볶이를먹을수있다근데겨우나온이유가고작먹는것때문이라니안행복너정말미쳤구나뭐하는거야대체매일매일먹고누워자는거말고하는게뭐야지금살이얼마나쪘는지알고도떡볶이가먹고싶어꼴을좀봐돌아갈까아냐그래도이까지왔는데
354,나는할수있다안행복너는걸을수있다집밖으로나온것만해도이미기적이다너는조금만더가면떡볶이를먹을수있다근데겨우나온이유가고작먹는것때문이라니안행복너정말미쳤구나뭐하는거야대체매일매일먹고누워자는거말고하는게뭐야지금살이얼마나쪘는지알고도떡볶이가먹고싶어꼴을좀봐돌아갈까아냐그래도이까지왔는데ㅂ
355,나는할수있다안행복너는걸을수있다집밖으로나온것만해도이미기적이다너는조금만더가면떡볶이를먹을수있다근데겨우나온이유가고작먹는것때문이라니안행복너정말미쳤구나뭐하는거야대체매일매일먹고누워자는거말고하는게뭐야지금살이얼마나쪘는지알고도떡볶이가먹고싶어꼴을좀봐돌아갈까아냐그래도이까지왔는데보
356,나는할수있다안행복너는걸을수있다집밖으로나온것만해도이미기적이다너는조금만더가면떡볶이를먹을수있다근데겨우나온이유가고작먹는것때문이라니안행복너정말미쳤구나뭐하는거야대체매일매일먹고누워자는거말고하는게뭐야지금살이얼마나쪘는지알고도떡볶이가먹고싶어꼴을좀봐돌아갈까아냐그래도이까지왔는데봐
357,나는할수있다안행복너는걸을수있다집밖으로나온것만해도이미기적이다너는조금만더가면떡볶이를먹을수있다근데겨우나온이유가고작먹는것때문이라니안행복너정말미쳤구나뭐하는거야대체매일매일먹고누워자는거말고하는게뭐야지금살이얼마나쪘는지알고도떡볶이가먹고싶어꼴을좀봐돌아갈까아냐그래도이까지왔는데봐ㅂ
358,나는할수있다안행복너는걸을수있다집밖으로나온것만해도이미기적이다너는조금만더가면떡볶이를먹을수있다근데겨우나온이유가고작먹는것때문이라니안행복너정말미쳤구나뭐하는거야대체매일매일먹고누워자는거말고하는게뭐야지금살이얼마나쪘는지알고도떡볶이가먹고싶어꼴을좀봐돌아갈까아냐그래도이까지왔는데봐바
359,나는할수있다안행복너는걸을수있다집밖으로나온것만해도이미기적이다너는조금만더가면떡볶이를먹을수있다근데겨우나온이유가고작먹는것때문이라니안행복너정말미쳤구나뭐하는거야대체매일매일먹고누워자는거말고하는게뭐야지금살이얼마나쪘는지알고도떡볶이가먹고싶어꼴을좀봐돌아갈까아냐그래도이까지왔는데봐바ㄹ
360,나는할수있다안행복너는걸을수있다집밖으로나온것만해도이미기적이다너는조금만더가면떡볶이를먹을수있다근데겨우나온이유가고작먹는것때문이라니안행복너정말미쳤구나뭐하는거야대체매일매일먹고누워자는거말고하는게뭐야지금살이얼마나쪘는지알고도떡볶이가먹고싶어꼴을좀봐돌아갈까아냐그래도이까지왔는데봐바로
361,나는할수있다안행복너는걸을수있다집밖으로나온것만해도이미기적이다너는조금만더가면떡볶이를먹을수있다근데겨우나온이유가고작먹는것때문이라니안행복너정말미쳤구나뭐하는거야대체매일매일먹고누워자는거말고하는게뭐야지금살이얼마나쪘는지알고도떡볶이가먹고싶어꼴을좀봐돌아갈까아냐그래도이까지왔는데봐바로ㅈ
362,나는할수있다안행복너는걸을수있다집밖으로나온것만해도이미기적이다너는조금만더가면떡볶이를먹을수있다근데겨우나온이유가고작먹는것때문이라니안행복너정말미쳤구나뭐하는거야대체매일매일먹고누워자는거말고하는게뭐야지금살이얼마나쪘는지알고도떡볶이가먹고싶어꼴을좀봐돌아갈까아냐그래도이까지왔는데봐바로저
363,나는할수있다안행복너는걸을수있다집밖으로나온것만해도이미기적이다너는조금만더가면떡볶이를먹을수있다근데겨우나온이유가고작먹는것때문이라니안행복너정말미쳤구나뭐하는거야대체매일매일먹고누워자는거말고하는게뭐야지금살이얼마나쪘는지알고도떡볶이가먹고싶어꼴을좀봐돌아갈까아냐그래도이까지왔는데봐바로저ㄱ
364,나는할수있다안행복너는걸을수있다집밖으로나온것만해도이미기적이다너는조금만더가면떡볶이를먹을수있다근데겨우나온이유가고작먹는것때문이라니안행복너정말미쳤구나뭐하는거야대체매일매일먹고누워자는거말고하는게뭐야지금살이얼마나쪘는지알고도떡볶이가먹고싶어꼴을좀봐돌아갈까아냐그래도이까지왔는데봐바로저기
365,나는할수있다안행복너는걸을수있다집밖으로나온것만해도이미기적이다너는조금만더가면떡볶이를먹을수있다근데겨우나온이유가고작먹는것때문이라니안행복너정말미쳤구나뭐하는거야대체매일매일먹고누워자는거말고하는게뭐야지금살이얼마나쪘는지알고도떡볶이가먹고싶어꼴을좀봐돌아갈까아냐그래도이까지왔는데봐바로저기ㄱ
366,나는할수있다안행복너는걸을수있다집밖으로나온것만해도이미기적이다너는조금만더가면떡볶이를먹을수있다근데겨우나온이유가고작먹는것때문이라니안행복너정말미쳤구나뭐하는거야대체매일매일먹고누워자는거말고하는게뭐야지금살이얼마나쪘는지알고도떡볶이가먹고싶어꼴을좀봐돌아갈까아냐그래도이까지왔는데봐바로저기가
367,나는할수있다안행복너는걸을수있다집밖으로나온것만해도이미기적이다너는조금만더가면떡볶이를먹을수있다근데겨우나온이유가고작먹는것때문이라니안행복너정말미쳤구나뭐하는거야대체매일매일먹고누워자는거말고하는게뭐야지금살이얼마나쪘는지알고도떡볶이가먹고싶어꼴을좀봐돌아갈까아냐그래도이까지왔는데봐바로저기가ㅈ
368,나는할수있다안행복너는걸을수있다집밖으로나온것만해도이미기적이다너는조금만더가면떡볶이를먹을수있다근데겨우나온이유가고작먹는것때문이라니안행복너정말미쳤구나뭐하는거야대체매일매일먹고누워자는거말고하는게뭐야지금살이얼마나쪘는지알고도떡볶이가먹고싶어꼴을좀봐돌아갈까아냐그래도이까지왔는데봐바로저기가저
369,나는할수있다안행복너는걸을수있다집밖으로나온것만해도이미기적이다너는조금만더가면떡볶이를먹을수있다근데겨우나온이유가고작먹는것때문이라니안행복너정말미쳤구나뭐하는거야대체매일매일먹고누워자는거말고하는게뭐야지금살이얼마나쪘는지알고도떡볶이가먹고싶어꼴을좀봐돌아갈까아냐그래도이까지왔는데봐바로저기가정
370,나는할수있다안행복너는걸을수있다집밖으로나온것만해도이미기적이다너는조금만더가면떡볶이를먹을수있다근데겨우나온이유가고작먹는것때문이라니안행복너정말미쳤구나뭐하는거야대체매일매일먹고누워자는거말고하는게뭐야지금살이얼마나쪘는지알고도떡볶이가먹고싶어꼴을좀봐돌아갈까아냐그래도이까지왔는데봐바로저기가정ㄴ
371,나는할수있다안행복너는걸을수있다집밖으로나온것만해도이미기적이다너는조금만더가면떡볶이를먹을수있다근데겨우나온이유가고작먹는것때문이라니안행복너정말미쳤구나뭐하는거야대체매일매일먹고누워자는거말고하는게뭐야지금살이얼마나쪘는지알고도떡볶이가먹고싶어꼴을좀봐돌아갈까아냐그래도이까지왔는데봐바로저기가정녀
372,나는할수있다안행복너는걸을수있다집밖으로나온것만해도이미기적이다너는조금만더가면떡볶이를먹을수있다근데겨우나온이유가고작먹는것때문이라니안행복너정말미쳤구나뭐하는거야대체매일매일먹고누워자는거말고하는게뭐야지금살이얼마나쪘는지알고도떡볶이가먹고싶어꼴을좀봐돌아갈까아냐그래도이까지왔는데봐바로저기가정년
373,나는할수있다안행복너는걸을수있다집밖으로나온것만해도이미기적이다너는조금만더가면떡볶이를먹을수있다근데겨우나온이유가고작먹는것때문이라니안행복너정말미쳤구나뭐하는거야대체매일매일먹고누워자는거말고하는게뭐야지금살이얼마나쪘는지알고도떡볶이가먹고싶어꼴을좀봐돌아갈까아냐그래도이까지왔는데봐바로저기가정년ㄷ
374,나는할수있다안행복너는걸을수있다집밖으로나온것만해도이미기적이다너는조금만더가면떡볶이를먹을수있다근데겨우나온이유가고작먹는것때문이라니안행복너정말미쳤구나뭐하는거야대체매일매일먹고누워자는거말고하는게뭐야지금살이얼마나쪘는지알고도떡볶이가먹고싶어꼴을좀봐돌아갈까아냐그래도이까지왔는데봐바로저기가정년다
375,나는할수있다안행복너는걸을수있다집밖으로나온것만해도이미기적이다너는조금만더가면떡볶이를먹을수있다근데겨우나온이유가고작먹는것때문이라니안행복너정말미쳤구나뭐하는거야대체매일매일먹고누워자는거말고하는게뭐야지금살이얼마나쪘는지알고도떡볶이가먹고싶어꼴을좀봐돌아갈까아냐그래도이까지왔는데봐바로저기가정년다ㅂ
376,나는할수있다안행복너는걸을수있다집밖으로나온것만해도이미기적이다너는조금만더가면떡볶이를먹을수있다근데겨우나온이유가고작먹는것때문이라니안행복너정말미쳤구나뭐하는거야대체매일매일먹고누워자는거말고하는게뭐야지금살이얼마나쪘는지알고도떡볶이가먹고싶어꼴을좀봐돌아갈까아냐그래도이까지왔는데봐바로저기가정년다바
377,나는할수있다안행복너는걸을수있다집밖으로나온것만해도이미기적이다너는조금만더가면떡볶이를먹을수있다근데겨우나온이유가고작먹는것때문이라니안행복너정말미쳤구나뭐하는거야대체매일매일먹고누워자는거말고하는게뭐야지금살이얼마나쪘는지알고도떡볶이가먹고싶어꼴을좀봐돌아갈까아냐그래도이까지왔는데봐바로저기가정년다방
378,나는할수있다안행복너는걸을수있다집밖으로나온것만해도이미기적이다너는조금만더가면떡볶이를먹을수있다근데겨우나온이유가고작먹는것때문이라니안행복너정말미쳤구나뭐하는거야대체매일매일먹고누워자는거말고하는게뭐야지금살이얼마나쪘는지알고도떡볶이가먹고싶어꼴을좀봐돌아갈까아냐그래도이까지왔는데봐바로저기가정년다방ㅇ
379,나는할수있다안행복너는걸을수있다집밖으로나온것만해도이미기적이다너는조금만더가면떡볶이를먹을수있다근데겨우나온이유가고작먹는것때문이라니안행복너정말미쳤구나뭐하는거야대체매일매일먹고누워자는거말고하는게뭐야지금살이얼마나쪘는지알고도떡볶이가먹고싶어꼴을좀봐돌아갈까아냐그래도이까지왔는데봐바로저기가정년다방이
380,나는할수있다안행복너는걸을수있다집밖으로나온것만해도이미기적이다너는조금만더가면떡볶이를먹을수있다근데겨우나온이유가고작먹는것때문이라니안행복너정말미쳤구나뭐하는거야대체매일매일먹고누워자는거말고하는게뭐야지금살이얼마나쪘는지알고도떡볶이가먹고싶어꼴을좀봐돌아갈까아냐그래도이까지왔는데봐바로저기가정년다방이ㅇ
381,나는할수있다안행복너는걸을수있다집밖으로나온것만해도이미기적이다너는조금만더가면떡볶이를먹을수있다근데겨우나온이유가고작먹는것때문이라니안행복너정말미쳤구나뭐하는거야대체매일매일먹고누워자는거말고하는게뭐야지금살이얼마나쪘는지알고도떡볶이가먹고싶어꼴을좀봐돌아갈까아냐그래도이까지왔는데봐바로저기가정년다방이야
382,나는할수있다안행복너는걸을수있다집밖으로나온것만해도이미기적이다너는조금만더가면떡볶이를먹을수있다근데겨우나온이유가고작먹는것때문이라니안행복너정말미쳤구나뭐하는거야대체매일매일먹고누워자는거말고하는게뭐야지금살이얼마나쪘는지알고도떡볶이가먹고싶어꼴을좀봐돌아갈까아냐그래도이까지왔는데봐바로저기가정년다방이야ㅇ
383,나는할수있다안행복너는걸을수있다집밖으로나온것만해도이미기적이다너는조금만더가면떡볶이를먹을수있다근데겨우나온이유가고작먹는것때문이라니안행복너정말미쳤구나뭐하는거야대체매일매일먹고누워자는거말고하는게뭐야지금살이얼마나쪘는지알고도떡볶이가먹고싶어꼴을좀봐돌아갈까아냐그래도이까지왔는데봐바로저기가정년다방이야아
384,나는할수있다안행복너는걸을수있다집밖으로나온것만해도이미기적이다너는조금만더가면떡볶이를먹을수있다근데겨우나온이유가고작먹는것때문이라니안행복너정말미쳤구나뭐하는거야대체매일매일먹고누워자는거말고하는게뭐야지금살이얼마나쪘는지알고도떡볶이가먹고싶어꼴을좀봐돌아갈까아냐그래도이까지왔는데봐바로저기가정년다방이야안
385,나는할수있다안행복너는걸을수있다집밖으로나온것만해도이미기적이다너는조금만더가면떡볶이를먹을수있다근데겨우나온이유가고작먹는것때문이라니안행복너정말미쳤구나뭐하는거야대체매일매일먹고누워자는거말고하는게뭐야지금살이얼마나쪘는지알고도떡볶이가먹고싶어꼴을좀봐돌아갈까아냐그래도이까지왔는데봐바로저기가정년다방이야안ㅎ
386,나는할수있다안행복너는걸을수있다집밖으로나온것만해도이미기적이다너는조금만더가면떡볶이를먹을수있다근데겨우나온이유가고작먹는것때문이라니안행복너정말미쳤구나뭐하는거야대체매일매일먹고누워자는거말고하는게뭐야지금살이얼마나쪘는지알고도떡볶이가먹고싶어꼴을좀봐돌아갈까아냐그래도이까지왔는데봐바로저기가정년다방이야안해
387,나는할수있다안행복너는걸을수있다집밖으로나온것만해도이미기적이다너는조금만더가면떡볶이를먹을수있다근데겨우나온이유가고작먹는것때문이라니안행복너정말미쳤구나뭐하는거야대체매일매일먹고누워자는거말고하는게뭐야지금살이얼마나쪘는지알고도떡볶이가먹고싶어꼴을좀봐돌아갈까아냐그래도이까지왔는데봐바로저기가정년다방이야안행
388,나는할수있다안행복너는걸을수있다집밖으로나온것만해도이미기적이다너는조금만더가면떡볶이를먹을수있다근데겨우나온이유가고작먹는것때문이라니안행복너정말미쳤구나뭐하는거야대체매일매일먹고누워자는거말고하는게뭐야지금살이얼마나쪘는지알고도떡볶이가먹고싶어꼴을좀봐돌아갈까아냐그래도이까지왔는데봐바로저기가정년다방이야안행ㅂ
389,나는할수있다안행복너는걸을수있다집밖으로나온것만해도이미기적이다너는조금만더가면떡볶이를먹을수있다근데겨우나온이유가고작먹는것때문이라니안행복너정말미쳤구나뭐하는거야대체매일매일먹고누워자는거말고하는게뭐야지금살이얼마나쪘는지알고도떡볶이가먹고싶어꼴을좀봐돌아갈까아냐그래도이까지왔는데봐바로저기가정년다방이야안행보
390,나는할수있다안행복너는걸을수있다집밖으로나온것만해도이미기적이다너는조금만더가면떡볶이를먹을수있다근데겨우나온이유가고작먹는것때문이라니안행복너정말미쳤구나뭐하는거야대체매일매일먹고누워자는거말고하는게뭐야지금살이얼마나쪘는지알고도떡볶이가먹고싶어꼴을좀봐돌아갈까아냐그래도이까지왔는데봐바로저기가정년다방이야안행복
391,나는할수있다안행복너는걸을수있다집밖으로나온것만해도이미기적이다너는조금만더가면떡볶이를먹을수있다근데겨우나온이유가고작먹는것때문이라니안행복너정말미쳤구나뭐하는거야대체매일매일먹고누워자는거말고하는게뭐야지금살이얼마나쪘는지알고도떡볶이가먹고싶어꼴을좀봐돌아갈까아냐그래도이까지왔는데봐바로저기가정년다방이야안행복ㄴ
392,나는할수있다안행복너는걸을수있다집밖으로나온것만해도이미기적이다너는조금만더가면떡볶이를먹을수있다근데겨우나온이유가고작먹는것때문이라니안행복너정말미쳤구나뭐하는거야대체매일매일먹고누워자는거말고하는게뭐야지금살이얼마나쪘는지알고도떡볶이가먹고싶어꼴을좀봐돌아갈까아냐그래도이까지왔는데봐바로저기가정년다방이야안행복너
393,나는할수있다안행복너는걸을수있다집밖으로나온것만해도이미기적이다너는조금만더가면떡볶이를먹을수있다근데겨우나온이유가고작먹는것때문이라니안행복너정말미쳤구나뭐하는거야대체매일매일먹고누워자는거말고하는게뭐야지금살이얼마나쪘는지알고도떡볶이가먹고싶어꼴을좀봐돌아갈까아냐그래도이까지왔는데봐바로저기가정년다방이야안행복너ㅎ
394,나는할수있다안행복너는걸을수있다집밖으로나온것만해도이미기적이다너는조금만더가면떡볶이를먹을수있다근데겨우나온이유가고작먹는것때문이라니안행복너정말미쳤구나뭐하는거야대체매일매일먹고누워자는거말고하는게뭐야지금살이얼마나쪘는지알고도떡볶이가먹고싶어꼴을좀봐돌아갈까아냐그래도이까지왔는데봐바로저기가정년다방이야안행복너해
395,나는할수있다안행복너는걸을수있다집밖으로나온것만해도이미기적이다너는조금만더가면떡볶이를먹을수있다근데겨우나온이유가고작먹는것때문이라니안행복너정말미쳤구나뭐하는거야대체매일매일먹고누워자는거말고하는게뭐야지금살이얼마나쪘는지알고도떡볶이가먹고싶어꼴을좀봐돌아갈까아냐그래도이까지왔는데봐바로저기가정년다방이야안행복너해ㄴ
396,나는할수있다안행복너는걸을수있다집밖으로나온것만해도이미기적이다너는조금만더가면떡볶이를먹을수있다근데겨우나온이유가고작먹는것때문이라니안행복너정말미쳤구나뭐하는거야대체매일매일먹고누워자는거말고하는게뭐야지금살이얼마나쪘는지알고도떡볶이가먹고싶어꼴을좀봐돌아갈까아냐그래도이까지왔는데봐바로저기가정년다방이야안행복너해내
397,나는할수있다안행복너는걸을수있다집밖으로나온것만해도이미기적이다너는조금만더가면떡볶이를먹을수있다근데겨우나온이유가고작먹는것때문이라니안행복너정말미쳤구나뭐하는거야대체매일매일먹고누워자는거말고하는게뭐야지금살이얼마나쪘는지알고도떡볶이가먹고싶어꼴을좀봐돌아갈까아냐그래도이까지왔는데봐바로저기가정년다방이야안행복너해냈
398,나는할수있다안행복너는걸을수있다집밖으로나온것만해도이미기적이다너는조금만더가면떡볶이를먹을수있다근데겨우나온이유가고작먹는것때문이라니안행복너정말미쳤구나뭐하는거야대체매일매일먹고누워자는거말고하는게뭐야지금살이얼마나쪘는지알고도떡볶이가먹고싶어꼴을좀봐돌아갈까아냐그래도이까지왔는데봐바로저기가정년다방이야안행복너해냈ㄷ
399,나는할수있다안행복너는걸을수있다집밖으로나온것만해도이미기적이다너는조금만더가면떡볶이를먹을수있다근데겨우나온이유가고작먹는것때문이라니안행복너정말미쳤구나뭐하는거야대체매일매일먹고누워자는거말고하는게뭐야지금살이얼마나쪘는지알고도떡볶이가먹고싶어꼴을좀봐돌아갈까아냐그래도이까지왔는데봐바로저기가정년다방이야안행복너해냈다